{"properties": [
  {
    "name": "eureka.client.service-url.default-zone",
    "type": "java.lang.String",
    "description": "A description for 'eureka.client.service-url.default-zone'"
  },
  {
    "name": "eureka.client.fetch-registry",
    "type": "java.lang.String",
    "description": "A description for 'eureka.client.fetch-registry'"
  },
  {
    "name": "eureka.client.register-with-eureka",
    "type": "java.lang.String",
    "description": "A description for 'eureka.client.register-with-eureka'"
  },
  {
    "name": "user.msremotepath",
    "type": "java.lang.String",
    "description": "A description for 'user.msremotepath'"
  }
]}